{
  "images": [
    {
      "filename": "App-Icon-40x40@1x.png",
      "idiom": "universal",
      "platform": "ios",
      "scale": "2x",
      "size": "20x20"
    },
    {
      "filename": "App-Icon-20x20@3x.png",
      "idiom": "universal",
      "platform": "ios",
      "scale": "3x",
      "size": "20x20"
    },
    {
      "filename": "App-Icon-29x29@2x.png",
      "idiom": "universal",
      "platform": "ios",
      "scale": "2x",
      "size": "29x29"
    },
    {
      "filename": "App-Icon-29x29@3x.png",
      "idiom": "universal",
      "platform": "ios",
      "scale": "3x",
      "size": "29x29"
    },
    {
      "filename": "App-Icon-76x76@1x.png",
      "idiom": "universal",
      "platform": "ios",
      "scale": "2x",
      "size": "38x38"
    },
    {
      "idiom": "universal",
      "platform": "ios",
      "scale": "3x",
      "size": "38x38"
    },
    {
      "filename": "App-Icon-40x40@2x.png",
      "idiom": "universal",
      "platform": "ios",
      "scale": "2x",
      "size": "40x40"
    },
    {
      "filename": "App-Icon-40x40@3x.png",
      "idiom": "universal",
      "platform": "ios",
      "scale": "3x",
      "size": "40x40"
    },
    {
      "filename": "App-Icon-60x60@2x.png",
      "idiom": "universal",
      "platform": "ios",
      "scale": "2x",
      "size": "60x60"
    },
    {
      "filename": "App-Icon-60x60@3x.png",
      "idiom": "universal",
      "platform": "ios",
      "scale": "3x",
      "size": "60x60"
    },
    {
      "idiom": "universal",
      "platform": "ios",
      "scale": "2x",
      "size": "64x64"
    },
    {
      "idiom": "universal",
      "platform": "ios",
      "scale": "3x",
      "size": "64x64"
    },
    {
      "idiom": "universal",
      "platform": "ios",
      "scale": "2x",
      "size": "68x68"
    },
    {
      "filename": "App-Icon-76x76@2x.png",
      "idiom": "universal",
      "platform": "ios",
      "scale": "2x",
      "size": "76x76"
    },
    {
      "filename": "App-Icon-83.5x83.5@2x.png",
      "idiom": "universal",
      "platform": "ios",
      "scale": "2x",
      "size": "83.5x83.5"
    },
    {
      "filename": "ItunesArtwork@2x.png",
      "idiom": "universal",
      "platform": "ios",
      "size": "1024x1024"
    }
  ],
  "info": {
    "author": "xcode",
    "version": 1
  }
}
